0,1,8071.3171
1,0,7288.9705
1,1,13135.7216
1,2,14949.806
2,1,14931.2148
1,3,25900.0
2,2,2424.9156
3,1,25320.0
1,4,32890.0
2,3,11390.0
3,2,11680.0
1,5,41860.0
2,4,17595.1
3,3,14086.793
4,2,18375.0
2,5,26101.0
3,4,14908.14
4,3,15770.03
5,2,27870.0
2,6,31598.0
3,5,20946.84
4,4,4941.67
5,3,22921.5
6,2,35094.0
2,7,40939.0
3,6,24954.3
4,5,11347.6
5,4,12415.7
6,3,28910.5
2,8,48810.0
3,7,33051.0
4,6,12606.7
5,5,12050.7
6,4,15698.7
7,3,38800.0
3,8,40797.0
4,7,20174.0
5,6,8667.9
6,5,10650.3
7,4,24300.0
4,8,25077.0
5,7,13368.9
6,6,0.0
7,5,17338.1
8,4,32048.0
4,9,33250.0
5,8,16562.2
6,7,3125.0113
7,6,5345.48
8,5,23112.0
4,10,39950.0
5,9,23664.0
6,8,3019.893
7,7,2863.417
8,6,8007.36
5,10,28972.0
6,9,9873.1
7,8,101.438
8,7,2855.6
9,6,16780.0
5,11,37080.0
6,10,13694.0
7,9,5683.7
8,8,-4737.0014
9,7,10680.0
10,6,23996.0
5,12,43770.0
6,11,21039.0
7,10,7871.0
8,9,-808.81
9,8,1951.7
10,7,16461.0
6,12,24930.0
7,11,13114.0
8,10,-781.5
9,9,873.7
10,8,5317.17
11,7,24190.0
6,13,32420.0
7,12,15862.0
8,11,3334.9
9,10,-1487.39
10,9,1751.44
11,8,12927.0
12,7,33040.0
6,14,37560.0
7,13,21770.0
8,12,3797.5
9,11,-17.4
10,10,-7041.9313
11,9,6848.0
12,8,17570.0
7,14,25250.0
8,13,8063.0
9,12,-47.6
10,11,-5731.78
11,10,-2184.2
12,9,10911.0
7,15,32040.0
8,14,9280.0
9,13,2793.0
10,12,-8024.715
11,11,-5182.4
12,10,-397.0
8,15,14610.0
9,14,3330.0
10,13,-5154.05
11,12,-9529.8536
12,11,-5473.8
13,10,6770.0
8,16,19070.0
9,15,7560.0
10,14,-5951.5
11,13,-8418.11
12,12,-13933.567
13,11,-56.9
14,10,10755.0
9,16,11270.0
10,15,-2108.0
11,14,-9357.8
12,13,-13192.83
13,12,-8916.2
14,11,3824.0
9,17,18270.0
10,16,430.0
11,15,-6862.0
12,14,-16214.582
13,13,-12210.31
14,12,-7145.0
9,18,24930.0
10,17,7070.0
11,16,-5517.0
12,15,-14586.65
13,14,-17196.66
14,13,-12384.3
15,12,-717.0
10,18,11240.0
11,17,-989.0
12,16,-15018.6
13,15,-16850.44
14,14,-21492.7968
15,13,-7159.0
16,12,4070.0
10,19,18060.0
11,18,2665.0
12,17,-10619.0
13,16,-18215.3
14,15,-21895.046
15,14,-16952.6
16,13,-3160.0
10,20,23100.0
11,19,8361.0
12,18,-8911.0
13,17,-15872.0
14,16,-24432.928
15,15,-20200.6
16,14,-14063.0
11,20,12650.0
12,19,-3217.0
13,18,-14954.0
14,17,-22949.01
15,16,-24440.88
16,15,-19044.6
17,14,-7070.0
11,21,19060.0
12,20,-955.0
13,19,-11060.0
14,18,-24080.91
15,17,-24305.22
16,16,-26015.7
17,15,-13330.0
18,14,-2200.2
11,22,24890.0
12,21,4894.0
13,20,-8530.0
14,19,-20493.0
15,18,-26337.5
16,17,-26585.99
17,16,-21003.4
18,15,-9384.1
12,22,8810.0
13,21,-2930.0
14,20,-19957.0
15,19,-24558.0
16,18,-29931.79
17,17,-24439.78
18,16,-18377.2
13,22,-130.0
14,21,-14360.0
15,20,-24857.7
16,19,-28846.36
17,18,-29013.54
18,17,-23047.4
19,16,-11169.0
13,23,5780.0
14,22,-12480.0
15,21,-20251.0
16,20,-30664.07
17,19,-29521.86
18,18,-30231.54
19,17,-17426.0
20,16,-6440.0
13,24,9950.0
14,23,-6580.0
15,22,-18990.0
16,21,-26896.36
17,20,-31761.53
18,19,-30947.66
19,18,-24800.2
20,17,-13162.0
13,25,16050.0
14,24,-4070.0
15,23,-14760.0
16,22,-26861.0
17,21,-29798.1
18,20,-34714.6
19,19,-28800.7
20,18,-22059.0
13,26,21400.0
14,25,1930.0
15,24,-12870.0
16,23,-23160.0
17,22,-29800.2
18,21,-33242.0
19,20,-33807.01
20,19,-27274.4
21,18,-14168.0
14,26,5470.0
15,25,-8110.0
16,24,-22870.0
17,23,-27560.0
18,22,-35039.896
19,21,-33535.2
20,20,-34846.27
21,19,-20523.2
22,18,-8850.0
14,27,13560.0
15,26,-5280.0
16,25,-19020.0
17,24,-27310.0
18,23,-33067.5
19,22,-35559.07
20,21,-35137.76
21,20,-28642.39
15,27,940.0
16,26,-17680.0
17,25,-24910.0
18,24,-34423.0
19,23,-35021.56
20,22,-38547.07
21,21,-32121.24
22,20,-25122.0
15,28,5770.0
16,27,-11970.0
17,26,-24170.0
18,25,-32010.0
19,24,-36593.0
20,23,-38408.6
21,22,-36187.9
22,21,-29321.0
16,28,-9120.0
17,27,-20230.0
18,26,-32673.1
19,25,-35810.0
20,24,-41468.5
21,23,-37816.1
22,22,-37548.5
23,21,-24120.0
16,29,-3250.0
17,28,-18360.0
18,27,-29770.6
19,26,-36608.0
20,25,-40812.0
21,24,-41067.8
22,23,-39005.7
23,22,-31880.0
24,21,-18970.0
17,29,-14710.0
18,28,-29720.0
19,27,-35418.0
20,26,-43135.1
21,25,-41757.1
22,24,-44123.4
23,23,-37073.0
24,22,-29474.0
18,29,-25910.0
19,28,-35696.0
20,27,-42340.1
21,26,-44332.1
22,25,-44932.4
23,24,-42002.1
24,23,-34558.0
19,29,-32124.0
20,28,-44214.0
21,27,-44496.0
22,26,-48487.7
23,25,-44475.4
24,24,-42819.0
25,23,-29320.0
19,30,-30320.0
20,29,-41289.0
21,28,-46552.0
22,27,-48558.8
23,26,-47956.9
24,25,-45330.5
25,24,-37616.0
19,31,-25350.0
20,30,-39571.0
21,29,-44537.0
22,28,-51426.7
23,27,-49221.6
24,26,-50259.5
25,25,-42626.8
26,24,-34480.0
20,31,-35860.0
21,30,-43218.0
22,29,-49727.8
23,28,-52201.4
24,27,-51448.8
25,26,-48241.3
26,25,-40222.0
20,32,-32510.0
21,31,-40360.0
22,30,-49465.0
23,29,-51441.3
24,28,-55416.9
25,27,-50705.4
26,26,-48332.0
22,31,-46830.0
23,30,-51849.0
24,29,-55284.7
25,28,-54687.9
26,27,-50945.3
27,26,-42645.0
21,33,-34220.0
22,32,-45590.0
23,31,-49891.0
24,30,-56932.5
25,29,-55555.4
26,28,-56252.5
27,27,-48009.5
28,26,-39210.0
21,34,-29580.0
22,33,-41670.0
23,32,-49150.0
24,31,-55107.5
25,30,-57710.6
26,29,-57479.4
27,28,-54027.6
28,27,-45336.0
22,34,-38940.0
23,33,-46080.0
24,32,-55281.2
25,31,-56909.7
26,30,-60605.4
27,29,-56039.4
28,28,-53904.0
22,35,-33540.0
23,34,-44190.0
24,33,-52524.1
25,32,-57486.8
26,31,-60180.1
27,30,-59344.2
28,29,-56082.0
29,28,-47310.0
23,35,-40210.0
24,34,-51830.0
25,33,-55910.0
26,32,-62153.4
27,31,-59845.9
28,30,-60227.7
29,29,-51662.1
30,28,-42300.0
23,36,-37070.0
24,35,-47890.0
25,34,-55480.0
26,33,-60663.1
27,32,-62228.4
28,31,-61155.7
29,30,-56357.2
30,29,-47260.0
23,37,-32580.0
24,36,-46500.0
25,35,-53180.0
26,34,-61412.0
27,33,-61649.0
28,32,-64472.1
29,31,-58344.1
30,30,-54188.0
24,37,-42180.0
25,36,-51560.0
26,35,-58921.0
27,34,-62898.4
28,33,-64220.9
29,32,-61983.6
30,31,-56345.0
31,30,-47090.0
24,38,-40410.0
25,37,-48040.0
26,36,-58901.0
27,35,-61432.0
28,34,-66746.1
29,33,-62798.0
30,32,-61171.0
31,31,-52000.0
25,38,-46350.0
26,37,-55550.0
27,36,-61840.0
28,35,-65512.6
29,34,-65579.5
30,33,-62213.0
31,32,-56547.1
25,39,-42620.0
26,38,-54770.0
27,37,-59793.0
28,36,-67099.3
29,35,-65424.2
30,34,-66003.6
31,33,-58834.3
32,32,-54350.0
25,40,-40670.0
26,39,-50880.0
27,38,-59170.0
28,37,-65126.1
29,36,-67263.7
30,35,-65911.6
31,34,-62657.2
32,33,-56410.0
26,40,-49570.0
27,39,-56110.0
28,38,-66006.3
29,37,-66258.3
30,36,-68899.4
31,35,-63724.0
32,34,-61620.0
33,33,-51500.0
26,41,-45690.0
27,40,-55060.0
28,39,-63742.7
29,38,-67318.8
30,37,-67880.4
31,36,-66879.7
32,35,-62658.0
33,34,-56650.0
26,42,-43130.0
27,41,-51350.0
28,40,-63463.8
29,39,-65567.0
30,38,-70007.2
31,37,-67086.1
32,36,-66980.0
33,35,-58900.0
34,34,-54210.0
27,42,-50000.0
28,41,-59979.0
29,40,-65736.2
30,39,-68418.0
31,38,-69327.8
32,37,-67100.6
33,36,-63090.0
34,35,-56300.0
27,43,-45640.0
28,42,-59150.0
29,41,-62976.1
30,40,-69564.6
31,39,-68910.1
32,38,-70563.1
33,37,-64340.0
34,36,-62050.0
27,44,-43870.0
28,43,-55200.0
29,42,-62711.1
30,41,-67327.0
31,40,-70140.2
32,39,-69907.7
33,38,-67894.0
34,37,-63120.0
35,36,-57060.0
36,35,-46920.0
28,44,-53940.0
29,43,-59783.0
30,42,-68131.0
31,41,-68589.4
32,40,-72585.9
33,39,-68230.0
34,38,-67894.0
35,37,-59020.0
36,36,-53941.0
29,44,-58987.0
30,43,-65410.0
31,42,-69699.3
32,41,-71297.5
33,40,-70957.0
34,39,-68218.0
35,38,-63630.0
36,37,-56552.0
29,45,-56006.0
30,44,-65710.0
31,43,-68050.0
32,42,-73422.4
33,41,-70860.0
34,40,-72212.7
35,39,-65306.0
36,38,-62331.5
37,37,-51917.0
29,46,-54120.0
30,45,-62470.0
31,44,-68464.6
32,43,-71856.4
33,42,-73032.4
34,41,-72169.0
35,40,-69139.0
36,39,-64324.0
37,38,-57222.0
38,37,-46620.0
29,47,-50976.0
30,46,-62140.0
31,45,-66296.6
32,44,-73213.0
33,43,-72289.5
34,42,-75252.1
35,41,-70289.0
36,40,-69014.0
37,39,-60479.8
38,38,-54240.0
30,47,-58720.0
31,46,-65992.3
32,45,-71214.0
33,44,-73916.6
34,43,-74599.6
35,42,-73235.0
36,41,-70169.4
37,40,-64825.0
38,39,-57804.0
30,48,-57340.0
31,47,-63706.6
32,46,-71862.0
33,45,-72817.0
34,44,-77026.1
35,43,-73452.0
36,42,-74179.7
37,41,-66936.0
38,40,-63174.0
31,48,-62510.0
32,47,-69490.0
33,46,-73637.0
34,45,-75917.6
35,44,-76068.5
36,43,-74443.0
37,42,-70803.0
38,41,-65477.0
39,40,-58360.0
30,50,-51840.0
31,49,-59140.0
32,48,-69515.0
33,47,-72159.0
34,46,-77759.9
35,45,-75889.5
36,44,-77892.5
37,43,-72173.0
38,42,-70308.0
39,41,-61220.0
40,40,-55520.0
31,50,-57980.0
32,49,-66300.0
33,48,-72533.0
34,47,-76389.5
35,46,-77974.8
36,45,-77694.0
37,44,-75455.0
38,43,-71528.0
39,42,-66020.0
40,41,-58490.0
32,50,-65620.0
33,49,-70320.0
34,48,-77594.0
35,47,-77496.5
36,46,-80589.5
37,45,-76188.2
38,44,-76008.0
39,43,-68190.0
33,50,-69880.0
34,49,-75341.0
35,48,-79009.0
36,47,-79981.7
37,46,-79075.0
38,45,-76795.0
39,44,-72330.0
40,43,-66460.0
41,42,-58960.0
34,50,-75952.0
35,49,-77799.0
36,48,-82431.0
37,47,-79750.0
38,46,-80644.0
39,45,-74160.0
34,51,-72428.0
35,50,-78610.0
36,49,-81480.3
37,48,-82167.331
38,47,-81102.6
39,46,-77842.0
40,45,-73150.0
41,44,-67150.0
34,52,-70541.0
35,51,-75640.0
36,50,-83265.57
37,49,-82747.02
38,48,-84523.6
39,47,-79284.0
40,46,-77800.0
41,45,-69830.0
42,44,-64560.0
34,53,-66580.0
35,52,-73857.0
36,51,-80709.43
37,50,-84597.795
38,49,-84880.4
39,48,-83018.7
40,47,-79348.0
41,46,-74180.0
42,45,-67690.0
34,54,-63880.0
35,53,-70730.0
36,52,-79692.0
37,51,-82609.0
38,50,-87921.7
39,49,-84299.1
40,48,-83623.0
41,47,-76070.0
42,46,-72700.0
35,54,-68570.0
36,53,-76730.0
37,52,-81713.0
38,51,-86209.1
39,50,-87701.7
40,49,-84869.0
41,48,-80650.0
42,47,-75004.0
35,55,-64620.0
36,54,-74970.0
37,53,-79362.0
38,52,-85941.6
39,51,-86487.5
40,50,-88767.3
41,49,-82656.0
42,48,-80167.0
43,47,-71210.0
35,56,-61510.0
36,55,-71310.0
37,54,-77745.0
38,53,-83645.0
39,52,-86345.0
40,51,-87890.4
41,50,-86632.0
42,49,-82204.0
43,48,-75980.0
35,57,-56580.0
36,56,-68785.0
37,55,-74772.0
38,54,-82868.0
39,53,-84813.0
40,52,-88453.9
41,51,-86448.3
42,50,-86805.0
43,49,-78935.0
36,57,-64020.0
37,56,-72618.0
38,55,-80085.0
39,54,-84223.0
40,53,-87117.0
41,52,-87208.3
42,51,-86803.0
43,50,-83603.0
44,49,-77270.0
37,57,-68553.0
38,56,-78840.0
39,55,-82348.0
40,54,-87266.8
41,53,-86364.5
42,52,-88409.7
43,51,-84154.0
44,50,-82568.0
37,58,-65854.0
38,57,-75117.0
39,56,-81207.0
40,55,-85657.8
41,54,-86781.9
42,53,-87707.5
43,52,-86017.0
44,51,-83450.0
45,50,-78340.0
37,59,-61225.0
38,58,-72939.0
39,57,-78347.0
40,56,-85442.8
41,55,-85604.0
42,54,-88790.5
43,53,-85817.0
44,52,-86072.0
45,51,-79679.0
46,50,-76230.0
37,60,-58360.0
38,59,-68788.0
39,58,-76258.0
40,57,-82946.6
41,56,-85605.6
42,55,-87540.4
43,54,-87220.0
44,53,-86112.0
45,52,-82590.0
46,51,-77800.0
47,50,-70820.0
37,61,-54220.0
38,60,-66646.0
39,59,-72467.0
40,58,-81287.0
41,57,-83529.0
42,56,-88111.7
43,55,-86428.0
44,54,-88224.0
45,53,-83175.0
46,52,-81300.0
47,51,-73060.0
48,50,-67630.0
37,62,-50880.0
38,61,-62190.0
39,60,-70201.0
40,59,-77768.0
41,58,-82327.0
42,57,-85965.8
43,56,-87323.1
44,55,-87617.0
45,54,-85574.0
46,53,-82188.0
47,52,-76760.0
38,62,-60220.0
39,61,-67290.0
40,60,-76600.0
41,59,-79939.0
42,58,-86184.0
43,57,-86016.2
44,56,-89219.0
45,55,-85584.0
46,54,-85226.0
47,53,-78150.0
48,52,-74250.0
49,51,-64170.0
50,50,-56780.0
37,64,-43600.0
38,63,-55410.0
39,62,-64910.0
40,61,-73460.0
41,60,-78942.0
42,59,-83511.0
43,58,-86336.0
44,57,-87949.7
45,56,-87408.0
46,55,-85428.0
47,54,-81220.0
48,53,-75750.0
38,64,-53080.0
39,63,-61890.0
40,62,-71740.0
41,61,-76350.0
42,60,-83557.0
43,59,-84566.0
44,58,-89098.0
45,57,-86775.0
46,56,-87925.1
47,55,-82265.0
48,54,-79678.0
49,53,-70710.0
50,52,-64930.0
40,63,-68370.0
41,62,-75320.0
42,61,-80850.0
43,60,-84597.0
44,59,-87258.8
45,58,-88022.2
46,57,-87479.1
47,56,-84791.0
48,55,-80649.0
49,54,-74599.0
41,63,-72220.0
42,62,-80330.0
43,61,-82490.0
44,60,-88089.0
45,59,-86949.8
46,58,-89390.0
47,57,-85111.0
48,56,-83975.0
49,55,-76110.0
50,54,-71590.0
41,64,-70850.0
42,63,-77340.0
43,62,-82290.0
44,61,-85928.0
45,60,-87846.0
46,59,-88413.0
47,58,-87068.0
48,57,-84330.0
49,56,-79481.0
50,55,-73260.0
51,54,-63820.0
42,64,-76255.0
43,63,-79775.0
44,62,-86322.0
45,61,-86361.0
46,60,-89902.0
47,59,-86937.0
48,58,-87132.0
49,57,-80606.0
50,56,-77430.0
52,54,-58210.0
42,65,-72940.0
43,64,-79100.0
44,63,-83920.0
45,62,-86863.0
46,61,-88368.0
47,60,-88402.0
48,59,-86985.0
49,58,-83560.0
50,57,-78580.0
43,65,-75950.0
44,64,-83670.0
45,63,-85020.0
46,62,-89524.0
47,61,-87602.0
48,60,-89252.0
49,59,-84116.0
50,58,-82041.0
52,56,-65720.0
43,66,-74540.0
44,65,-80850.0
45,64,-85011.0
46,63,-87607.0
47,62,-88722.7
48,61,-88508.0
49,60,-86489.0
50,59,-82639.0
51,58,-76259.0
52,57,-67610.0
53,56,-57610.0
43,67,-70960.0
44,66,-79980.0
45,65,-82780.0
46,64,-88349.0
47,63,-87460.6
48,62,-90353.0
49,61,-86475.0
50,60,-85844.0
52,58,-72280.0
54,56,-51900.0
43,68,-69220.0
44,67,-76670.0
45,66,-82357.0
46,65,-86004.0
47,64,-88221.0
48,63,-89257.5
49,62,-88396.0
50,61,-85945.0
51,60,-80888.0
52,59,-73480.0
43,69,-66000.0
44,68,-75480.0
45,67,-79740.0
46,66,-86336.0
47,65,-86624.0
48,64,-90580.5
49,63,-87996.0
50,62,-88661.0
51,61,-81601.0
52,60,-77300.0
54,58,-59970.0
44,69,-72200.0
45,68,-78680.0
46,67,-83690.0
47,66,-87033.0
48,65,-89049.3
49,64,-89370.0
50,63,-88333.0
51,62,-84420.0
52,61,-78347.0
53,60,-71130.0
54,59,-62090.0
55,58,-51700.0
45,69,-75630.0
46,68,-83497.0
47,67,-84949.0
48,66,-90020.9
49,65,-88572.0
50,64,-90561.0
51,63,-84515.0
52,62,-81889.0
54,60,-67086.0
56,58,-45950.0
44,71,-66430.0
45,70,-74210.0
46,69,-80400.0
47,68,-84990.0
48,67,-88090.5
49,66,-89537.0
50,65,-90036.0
51,64,-87003.0
52,63,-82063.0
53,62,-76338.0
54,61,-68657.0
45,71,-70740.0
46,70,-79960.0
47,69,-82570.0
48,68,-88719.0
49,67,-88250.0
50,66,-91528.1
51,65,-86821.0
52,64,-85269.0
53,63,-77490.0
54,62,-73047.0
46,71,-76530.0
47,70,-82270.0
48,69,-86425.0
49,68,-88945.0
50,67,-90400.0
51,66,-88645.0
52,65,-85097.0
53,64,-80435.0
54,63,-74185.0
55,62,-66440.0
46,72,-75470.0
47,71,-79570.0
48,70,-86709.0
49,69,-87230.0
50,68,-91656.1
51,67,-87999.0
52,66,-87721.0
53,65,-80971.0
54,64,-78079.0
55,63,-68409.0
47,72,-78560.0
48,71,-83910.0
49,70,-87704.0
50,69,-90068.4
51,68,-89477.0
52,67,-87184.0
53,66,-83766.0
54,65,-78794.0
55,64,-72305.0
56,63,-64590.0
46,74,-70150.0
47,73,-75650.0
48,72,-83974.0
49,71,-85740.0
50,70,-91105.1
51,69,-88424.0
52,68,-89405.0
53,67,-83790.0
54,66,-82172.0
55,65,-73889.0
56,64,-68890.0
47,74,-74660.0
48,73,-81060.0
49,72,-85841.0
50,71,-89204.1
51,70,-89595.1
52,69,-88551.0
53,68,-86287.0
54,67,-82473.0
55,66,-77100.0
56,65,-70740.0
48,74,-80730.0
49,73,-83580.0
50,72,-89945.9
51,71,-88330.2
52,70,-90314.0
53,69,-86080.0
54,68,-85355.0
55,67,-78140.0
56,66,-74609.0
48,75,-77310.0
49,74,-83426.0
50,73,-87820.5
51,72,-89224.1
52,71,-89171.9
53,70,-87943.0
54,69,-85249.0
55,68,-81044.0
56,67,-75655.0
48,76,-76710.0
49,75,-80880.0
50,74,-88236.8
51,73,-87620.3
52,72,-90524.5
53,71,-87365.0
54,70,-87660.1
55,69,-81731.0
56,68,-79090.0
57,67,-70260.0
48,77,-73360.0
49,76,-80480.0
50,75,-85898.5
51,74,-88255.5
52,73,-89022.2
53,72,-88836.4
54,71,-87192.1
55,70,-84088.0
56,69,-79668.0
57,68,-73759.0
48,78,-72330.0
49,77,-77810.0
50,76,-86020.0
51,75,-86400.0
52,74,-90064.6
53,73,-87911.0
54,72,-89169.0
55,71,-84345.0
56,70,-82670.0
57,69,-74970.0
58,68,-70821.0
48,79,-68520.0
49,78,-76990.0
50,77,-83499.0
51,76,-86700.0
52,75,-88281.1
53,74,-88983.0
54,73,-88321.0
55,72,-86240.0
56,71,-82816.0
57,70,-77896.0
58,69,-71980.0
48,80,-67290.0
49,79,-74360.0
50,78,-83335.0
51,77,-84609.0
52,76,-88992.1
53,75,-87738.0
54,74,-89860.0
55,73,-85931.0
56,72,-85402.0
57,71,-78630.0
58,70,-75534.0
59,69,-66331.0
49,80,-72940.0
50,79,-80594.0
51,78,-84628.0
52,77,-87003.2
53,76,-88503.0
54,75,-88697.4
55,74,-87500.0
56,73,-85065.0
57,72,-81326.0
58,71,-76287.0
59,70,-69774.0
48,82,-61570.0
49,81,-69890.0
50,80,-80139.0
51,79,-82292.0
52,78,-87351.4
53,77,-86932.0
54,76,-89881.7
55,75,-86900.0
56,74,-87261.6
57,73,-81628.0
58,72,-79423.0
59,71,-71180.0
60,70,-66596.0
49,82,-68137.0
50,81,-77314.0
51,80,-81988.0
52,79,-85209.5
53,78,-87444.4
54,77,-88415.2
55,76,-88060.0
56,75,-86683.8
57,74,-83769.0
58,73,-79720.0
59,72,-74280.0
60,71,-67769.0
49,83,-62420.0
50,82,-76554.0
51,81,-79674.0
52,80,-85182.0
53,79,-85700.0
54,78,-89280.5
55,77,-87155.9
56,76,-88434.8
57,75,-83740.0
58,74,-82474.0
59,73,-75210.0
60,72,-71426.0
50,83,-70950.0
51,82,-78943.0
52,81,-82945.0
53,80,-85887.0
54,79,-87643.6
55,78,-88070.958
56,77,-87553.5
57,76,-85494.0
58,75,-82423.0
59,74,-77938.0
60,73,-72330.0
61,72,-65410.0
50,84,-66800.0
51,83,-74170.0
52,82,-82559.0
53,81,-84072.0
54,80,-88124.5
55,79,-86891.181
56,78,-88949.9
57,77,-85219.0
58,76,-84836.0
59,75,-78510.0
60,74,-75646.0
61,73,-66740.0
51,84,-69710.0
52,83,-77830.0
53,82,-83790.0
54,81,-86417.0
55,80,-87581.9
56,79,-87850.5
57,78,-86651.0
58,77,-84625.0
59,76,-80936.0
60,75,-76214.0
61,74,-69980.0
62,73,-62860.0
52,84,-74430.0
53,83,-79500.0
54,82,-86425.0
55,81,-86338.7
56,80,-88886.9
57,79,-86040.0
58,78,-86468.0
59,77,-81327.0
60,76,-79199.0
61,75,-71200.0
62,74,-66811.0
52,85,-69560.0
53,84,-76503.0
54,83,-82379.0
55,82,-86545.6
56,81,-87721.2
57,80,-87101.0
58,79,-85879.0
59,78,-83177.0
60,77,-79580.0
61,76,-74073.0
62,75,-68030.0
53,85,-72330.0
54,84,-80150.0
55,83,-82887.0
56,82,-88261.6
57,81,-86525.0
58,80,-87569.0
59,79,-83132.0
60,78,-82018.0
61,77,-74940.0
62,76,-71498.0
63,75,-61750.0
53,86,-68840.0
54,85,-75644.0
55,84,-80701.0
56,83,-84913.7
57,82,-87231.4
58,81,-86952.0
59,80,-84823.0
60,79,-81992.0
61,78,-77496.0
62,77,-72380.0
63,76,-65398.0
54,86,-72990.0
55,85,-77051.0
56,84,-83271.0
57,83,-84321.0
58,82,-88083.3
59,81,-84695.0
60,80,-84252.0
61,79,-78210.0
62,78,-75456.0
63,77,-66990.0
64,76,-61782.0
65,75,-50480.0
54,87,-68330.0
55,86,-74477.0
56,85,-79726.0
57,84,-82938.0
58,83,-85440.1
59,82,-86020.9
60,81,-84198.0
61,80,-80523.0
62,79,-75939.0
63,78,-69927.0
64,77,-63224.0
65,76,-54540.0
54,88,-65480.0
55,87,-70515.0
56,86,-77823.0
57,85,-80035.0
58,84,-84538.5
59,83,-83792.7
60,82,-85955.2
61,81,-81157.0
62,80,-78993.0
63,79,-71320.0
64,78,-66960.0
55,88,-67671.0
56,87,-73936.0
57,86,-78187.0
58,85,-81612.0
59,84,-83073.5
60,83,-84007.4
61,82,-82966.0
62,81,-79523.0
63,80,-74242.0
64,79,-68230.0
65,78,-60430.0
55,89,-63270.0
56,88,-71769.0
57,87,-74890.0
58,86,-80437.0
59,85,-80756.0
60,84,-83753.2
61,83,-81421.0
62,82,-81972.0
63,81,-75622.0
64,80,-71760.0
65,79,-62368.0
66,78,-56580.0
55,90,-60057.0
56,89,-67410.0
57,88,-72990.0
58,87,-77100.0
59,86,-79632.0
60,85,-81437.1
61,84,-81274.0
62,83,-80657.7
63,82,-77998.0
64,81,-72927.0
65,80,-65880.0
66,79,-58290.0
55,91,-55620.0
56,90,-65000.0
57,89,-69120.0
58,88,-75680.0
59,87,-76710.0
60,86,-80931.1
61,85,-79460.0
62,84,-81002.0
63,83,-77122.0
64,82,-76093.0
65,81,-67770.0
66,80,-62554.0
55,92,-52020.0
57,90,-66850.0
58,89,-72030.0
59,88,-75455.0
60,87,-78151.9
61,86,-79047.9
62,85,-79272.1
63,84,-77550.0
64,83,-75363.0
65,82,-70752.0
66,81,-64188.0
67,80,-55837.0
55,93,-47300.0
56,92,-58010.0
57,91,-63130.0
58,90,-70391.0
59,89,-72531.0
60,88,-77413.4
61,87,-76872.0
62,86,-79342.2
63,85,-76302.0
64,84,-76275.8
65,83,-70540.0
66,82,-67859.0
67,81,-58020.0
58,91,-66700.0
59,90,-71060.0
60,89,-74380.9
61,88,-76071.0
62,87,-77141.9
63,86,-76447.0
64,85,-75133.0
65,84,-71496.0
66,83,-67715.0
67,82,-61688.0
68,81,-53742.0
58,92,-64820.0
59,91,-68304.0
60,90,-73690.0
61,89,-73603.0
62,88,-77057.3
63,87,-74797.0
64,86,-75769.0
65,85,-71111.0
66,84,-69317.0
67,83,-61948.0
68,82,-57833.0
58,93,-61500.0
59,92,-66771.0
60,91,-70953.0
61,90,-73395.0
62,89,-74582.5
63,88,-74659.1
64,87,-74195.0
65,86,-71630.0
66,85,-68759.0
67,84,-63632.0
68,83,-58266.0
69,82,-50782.0
70,81,-41540.0
59,93,-63810.0
60,92,-70158.0
61,91,-71262.0
62,90,-74768.8
63,89,-72894.5
64,88,-74714.2
65,87,-70720.0
66,86,-70124.0
67,85,-63608.0
68,84,-60500.0
69,83,-51770.0
70,82,-46310.0
59,94,-61630.0
60,93,-67349.0
61,92,-70685.0
62,91,-72565.8
63,90,-73373.5
64,89,-72889.8
65,88,-71320.0
66,87,-69150.0
67,86,-65019.0
68,85,-60488.0
69,84,-54015.0
71,82,-38410.0
59,95,-58200.0
60,94,-65690.0
61,93,-68500.0
62,92,-72461.6
63,91,-71744.4
64,90,-73713.2
65,89,-70160.0
66,88,-70398.0
67,87,-64644.0
68,86,-62612.0
69,85,-54429.0
70,84,-49934.0
61,94,-66970.0
62,93,-70197.2
63,92,-71824.5
64,91,-72077.1
65,90,-71254.0
66,89,-69160.0
67,88,-66040.0
68,87,-62215.0
69,86,-56635.0
70,85,-50503.0
71,84,-42554.0
60,96,-60530.0
61,95,-64220.0
62,94,-69370.0
63,93,-70093.0
64,92,-72542.2
65,91,-70098.0
66,90,-70530.0
67,89,-65350.0
68,88,-64213.0
69,87,-56840.0
70,86,-53264.0
71,85,-43750.0
72,84,-37850.0
61,96,-62370.0
62,95,-66730.0
63,94,-69467.0
64,93,-70830.7
65,92,-70770.6
66,91,-69428.0
67,90,-66829.0
68,89,-63420.0
69,88,-58709.0
70,87,-53442.0
71,86,-46483.0
73,84,-29630.0
61,97,-59090.0
62,96,-65210.0
63,95,-67210.0
64,94,-70696.8
65,93,-69477.2
66,92,-70412.0
67,91,-66191.0
68,90,-65304.0
69,89,-58703.0
70,88,-56015.0
71,87,-47214.0
72,86,-42104.0
62,97,-62210.0
63,96,-66053.0
64,95,-68568.5
65,94,-69539.0
66,93,-69173.5
67,92,-67336.0
68,91,-64567.0
69,90,-60570.0
70,89,-55843.0
71,88,-49710.0
72,87,-42854.0
73,86,-34448.0
64,96,-67948.6
65,95,-67842.9
66,94,-69678.1
67,93,-66388.0
68,92,-66058.0
69,91,-60300.0
70,90,-58170.0
71,89,-50270.0
72,88,-45937.0
73,87,-35880.0
74,86,-29360.0
64,97,-65512.7
65,96,-67468.2
66,95,-68061.1
67,94,-67203.0
68,93,-65209.0
69,92,-61899.0
70,91,-57844.0
71,90,-52562.0
72,89,-46319.0
75,86,-20880.0
64,98,-64287.0
65,97,-65680.0
66,96,-68186.8
67,95,-66047.0
68,94,-66343.0
69,93,-61484.0
70,92,-59832.0
71,91,-52840.0
72,90,-49173.0
73,89,-39780.0
74,88,-34002.0
65,98,-64601.0
66,97,-66386.5
67,96,-66383.9
68,95,-65174.0
69,94,-62735.0
70,93,-59304.0
71,92,-54791.0
72,91,-49286.0
73,90,-42540.0
74,89,-34910.0
75,88,-26007.0
65,99,-62080.0
66,98,-65973.3
67,97,-64987.1
68,96,-65950.0
69,95,-61888.0
70,94,-61023.0
71,93,-54642.0
72,92,-51822.0
73,91,-43283.0
74,90,-38234.0
76,88,-20460.0
66,99,-63617.9
67,98,-64904.6
68,97,-64528.0
69,96,-62936.0
70,95,-60287.0
71,94,-56442.0
72,93,-51636.0
73,92,-45855.0
74,91,-38862.0
75,90,-30657.0
65,101,-57760.0
66,100,-62590.1
67,99,-63076.9
68,98,-64931.6
69,97,-61894.0
70,96,-61588.0
71,95,-56021.0
72,94,-53859.0
73,93,-46098.0
74,92,-41892.0
76,90,-25438.0
66,101,-59940.0
67,100,-62287.0
68,99,-63296.7
69,98,-62548.3
70,97,-60594.0
71,96,-57500.0
72,95,-53468.0
73,94,-48351.0
74,93,-42089.0
76,91,-26500.0
77,90,-17079.0
66,102,-58560.0
67,101,-60070.0
68,100,-62996.7
69,99,-61317.7
70,98,-61575.0
71,97,-57060.0
72,96,-55361.0
73,95,-48394.0
74,94,-44890.0
75,93,-35790.0
76,92,-29991.0
78,90,-11040.0
66,103,-55600.0
67,102,-58803.0
68,101,-60928.7
69,100,-61280.0
70,99,-60370.0
71,98,-58077.0
72,97,-54717.0
73,96,-50290.0
74,95,-44918.0
75,94,-38386.0
76,93,-30721.0
77,92,-22081.0
67,103,-56240.0
68,102,-60114.6
69,101,-59800.6
70,100,-60769.0
71,99,-57310.0
72,98,-56254.0
73,97,-50138.0
74,96,-47293.0
75,95,-38918.0
76,94,-33928.0
78,92,-16306.0
67,104,-54520.0
68,103,-57724.9
69,102,-59215.6
70,101,-59312.1
71,100,-57833.5
72,99,-55431.0
73,98,-51720.0
74,97,-47086.0
75,96,-41250.0
76,95,-34293.0
77,94,-26430.0
78,93,-17470.0
79,92,-7565.0
68,104,-56489.0
69,103,-57380.0
70,102,-59260.3
71,101,-56741.3
72,100,-56404.0
73,99,-51330.0
74,98,-49097.0
75,97,-41520.0
76,96,-37238.0
78,94,-21101.0
80,92,-1090.0
69,104,-56259.0
70,103,-57556.3
71,102,-56885.8
72,101,-55412.0
73,100,-52397.0
74,99,-48727.0
75,98,-43554.0
76,97,-37438.0
77,96,-30272.0
78,95,-21940.0
79,94,-12820.0
69,105,-53870.0
70,104,-56949.6
71,103,-55575.3
72,102,-55846.6
73,101,-51741.0
74,100,-50227.0
75,99,-43673.0
76,98,-39996.0
77,97,-30869.0
78,96,-25319.0
80,94,-6647.0
69,106,-52320.0
70,105,-54700.6
71,104,-55170.7
72,103,-54483.8
73,102,-52409.0
74,101,-49633.0
75,100,-45288.0
76,99,-40105.0
77,98,-33429.0
78,97,-25690.0
79,96,-17440.0
80,95,-7990.0
69,107,-49370.0
70,106,-53494.1
71,105,-53387.4
72,104,-54577.5
73,103,-51370.0
74,102,-50642.0
75,101,-45063.0
76,100,-42098.0
77,99,-33861.0
78,98,-28928.0
80,96,-11779.0
70,107,-50989.2
71,106,-52389.0
72,105,-52889.6
73,104,-51724.0
74,103,-49702.0
75,102,-46269.0
76,101,-41950.0
77,100,-36047.0
78,99,-29370.0
79,98,-21550.0
80,97,-12780.0
81,96,-3328.0
70,108,-49698.0
71,107,-50343.0
72,106,-52444.3
73,105,-50507.0
74,104,-50416.0
75,103,-45653.0
76,102,-43546.0
77,101,-36252.0
78,100,-31998.0
79,99,-22330.0
80,98,-16317.0
82,96,3568.0
71,108,-49064.0
72,107,-50471.9
73,106,-50366.3
74,105,-49304.0
75,104,-46586.0
76,103,-43020.0
77,102,-38077.0
78,101,-32264.0
79,100,-24952.0
80,99,-16922.0
81,98,-8300.0
71,109,-46690.0
72,108,-49788.4
73,107,-48936.2
74,106,-49644.0
75,105,-45840.0
76,104,-44359.0
77,103,-37978.0
78,102,-34436.0
79,101,-25596.0
80,100,-20245.0
82,98,-1939.0
72,109,-47411.9
73,108,-48441.6
74,107,-48254.0
75,106,-46511.0
76,105,-43550.0
77,104,-39472.0
78,103,-34375.0
79,102,-27871.0
80,101,-20661.0
81,100,-12801.0
82,99,-3140.0
72,110,-46059.0
73,109,-46433.3
74,108,-48247.5
75,107,-45450.0
76,106,-44609.0
77,105,-39052.0
78,104,-36169.0
79,103,-28301.0
80,102,-23576.0
81,101,-13350.0
82,100,-6826.0
72,111,-43290.0
73,110,-45296.1
74,109,-46367.0
75,108,-45811.0
76,107,-43660.0
77,106,-40197.0
78,105,-35772.0
79,104,-30187.0
80,103,-23800.0
81,102,-16587.0
82,101,-7569.0
72,112,-41500.0
73,111,-42841.0
74,110,-45707.3
75,109,-44227.0
76,108,-44256.1
77,107,-39611.0
78,106,-37332.0
79,105,-30319.0
80,104,-26349.0
81,103,-16890.0
82,102,-11045.0
73,112,-41396.0
74,111,-43389.7
75,110,-43822.2
76,109,-42809.4
77,108,-40336.0
78,107,-36680.0
79,106,-31867.0
80,105,-26176.0
81,104,-19760.0
82,103,-11541.0
73,113,-38610.0
74,112,-42509.5
75,111,-41930.2
76,110,-42999.5
77,109,-39173.0
78,108,-37864.0
79,107,-31715.0
80,106,-28539.0
81,105,-20190.0
82,104,-14681.0
83,103,-3170.0
74,113,-39904.8
75,112,-41215.7
76,111,-41218.2
77,110,-39716.0
78,109,-36713.0
79,108,-33005.0
80,107,-28118.0
81,106,-22444.0
82,105,-14980.0
83,104,-6373.0
74,114,-38667.0
75,113,-39016.1
76,112,-41136.4
77,111,-38328.0
78,110,-37823.0
79,109,-32301.0
80,108,-30202.0
81,107,-22350.0
82,106,-17815.0
83,105,-7200.0
84,104,-538.0
74,115,-35480.0
75,114,-37978.0
76,113,-38985.4
77,112,-38453.0
78,111,-36483.0
79,110,-33582.0
80,109,-29630.0
81,108,-24602.0
82,107,-17880.0
83,106,-10060.0
84,105,-1415.0
74,116,-34300.0
75,115,-35570.0
76,114,-38706.3
77,113,-36751.2
78,112,-37323.0
79,111,-32881.0
80,110,-31370.0
81,109,-24330.0
82,108,-20417.0
83,107,-10900.0
84,106,-4563.0
75,116,-34349.0
76,115,-36393.7
77,114,-36706.4
78,113,-35698.0
79,112,-33810.0
80,111,-30593.0
81,110,-26281.0
82,109,-20250.0
83,108,-13240.0
84,107,-5054.0
76,116,-35880.5
77,115,-34833.2
78,114,-36292.9
79,113,-32777.0
80,112,-32011.0
81,111,-25870.0
82,110,-22556.0
83,109,-13550.0
84,108,-8071.0
76,117,-33392.6
77,116,-34533.8
78,115,-34477.0
79,114,-33394.0
80,113,-31051.0
81,112,-27320.0
82,111,-22190.0
83,110,-15873.0
84,109,-8360.0
85,108,-150.0
76,118,-32432.7
77,117,-32529.3
78,116,-34763.1
79,115,-32262.0
80,114,-32193.0
81,113,-26830.0
82,112,-24208.0
83,111,-15990.0
84,110,-11005.0
85,109,-1190.0
76,119,-29690.0
77,118,-31689.8
78,117,-32796.8
79,116,-32570.0
80,115,-31000.0
81,114,-28155.0
82,113,-23714.0
83,112,-18024.0
84,111,-11070.0
85,110,-3476.0
86,109,5070.0
76,120,-28280.0
77,119,-29440.0
78,118,-32647.4
79,117,-31140.0
80,116,-31826.7
81,115,-27497.0
82,114,-25361.0
83,113,-18009.0
84,112,-13474.0
85,111,-3920.0
86,110,1970.0
77,120,-28268.0
78,119,-30422.4
79,118,-31141.1
80,117,-30541.0
81,116,-28341.0
82,115,-24749.0
83,114,-19688.0
84,113,-13360.0
85,112,-6340.0
86,111,1480.0
78,120,-29908.0
79,119,-29582.1
80,118,-30954.4
81,117,-27490.0
82,116,-26050.0
83,115,-19369.0
84,114,-15473.0
85,113,-6670.0
86,112,-1231.0
77,122,-24400.0
78,121,-27392.0
79,120,-29095.0
80,119,-29547.1
81,118,-28059.0
82,117,-25228.0
83,116,-20798.0
84,115,-15215.0
85,114,-8820.0
86,113,-1520.0
87,112,6760.0
78,122,-26603.0
79,121,-27270.0
80,120,-29504.1
81,119,-27048.0
82,118,-26243.0
83,117,-20370.0
84,116,-16954.0
85,115,-8988.0
86,114,-4006.0
87,113,6120.0
78,123,-23740.0
79,122,-26401.0
80,121,-27663.3
81,120,-27182.0
82,119,-25258.0
83,118,-21416.0
84,117,-16525.0
85,116,-10789.0
86,115,-4070.0
87,114,3600.0
79,123,-24400.0
80,122,-27345.9
81,121,-25983.0
82,120,-25934.0
83,119,-20733.0
84,118,-17924.0
85,117,-10591.0
86,116,-6275.0
87,115,3140.0
88,114,9210.0
79,124,-23143.0
80,123,-25269.1
81,122,-25761.2
82,121,-24787.0
83,120,-21540.0
84,119,-17307.0
85,118,-12163.0
86,117,-6160.0
87,116,861.0
88,115,8640.0
80,124,-24690.2
81,123,-24346.0
82,122,-25109.7
83,121,-20667.0
84,120,-18334.0
85,119,-11875.0
86,118,-7984.0
87,117,608.0
88,116,6054.0
80,125,-22287.0
81,124,-23820.6
82,123,-23770.1
83,122,-21062.0
84,121,-17509.0
85,120,-12972.0
86,119,-7710.0
87,118,-1310.0
88,117,5840.0
80,126,-20946.0
81,125,-22253.1
82,124,-23785.4
83,123,-20028.0
84,122,-18182.0
85,121,-12420.0
86,120,-9116.0
87,119,-1243.0
88,118,3565.0
89,117,13510.0
80,127,-16220.0
81,126,-21034.0
82,125,-22451.9
83,124,-20054.4
84,123,-17146.0
85,122,-13243.0
86,121,-8631.0
87,120,-2840.0
88,119,3540.0
89,118,11130.0
81,127,-16749.5
82,126,-21748.5
83,125,-18870.0
84,124,-17469.5
85,123,-12491.0
86,122,-9648.0
87,121,-2670.0
88,120,1714.0
89,119,10760.0
81,128,-13638.0
82,127,-17614.4
83,126,-18258.5
84,125,-16365.9
85,124,-12880.0
86,123,-8929.0
87,122,-3769.0
88,121,1850.0
89,120,8840.0
90,119,16500.0
81,129,-9246.0
82,128,-14728.3
83,127,-14791.8
84,126,-15953.1
85,125,-11972.0
86,124,-9598.0
87,123,-3346.0
88,122,461.0
89,121,8790.0
90,120,14043.0
82,129,-10491.4
83,128,-11858.0
84,127,-12432.5
85,126,-11647.1
86,125,-8756.0
87,124,-4158.0
88,123,836.0
89,122,7200.0
90,121,13910.0
82,130,-7547.4
83,129,-8117.3
84,128,-10369.4
85,127,-8621.0
86,126,-8660.0
87,125,-3538.0
88,124,-191.0
89,123,7280.0
90,122,12091.0
91,121,21610.0
82,131,-3184.0
83,130,-5231.0
84,129,-6653.0
85,128,-6579.0
86,127,-5698.0
87,126,-3550.0
88,125,358.0
89,124,6150.0
90,123,12120.0
91,122,19660.0
82,132,-181.3
83,131,-1200.0
84,130,-4469.9
85,129,-3380.0
86,128,-4320.0
87,127,-958.0
88,126,101.0
89,125,6429.0
90,124,10712.0
91,123,19490.0
83,132,1649.0
84,131,-540.3
85,130,-1255.0
86,129,-1169.0
87,128,318.0
88,127,2534.0
89,126,6012.0
90,125,10927.0
91,124,17870.0
83,133,5874.0
84,132,1783.8
85,131,2257.0
86,130,256.0
87,129,2979.0
88,128,3291.0
89,127,8123.0
90,126,10304.0
91,125,17800.0
84,133,5901.0
85,132,4396.0
86,131,3659.0
87,130,4315.0
88,129,5887.0
89,128,8707.0
90,127,12216.0
91,126,17070.0
92,125,22700.0
84,134,8358.3
85,133,8099.0
86,132,5217.5
87,131,7059.0
88,130,6651.0
89,129,10840.0
90,128,12374.0
91,127,18669.0
92,126,21920.0
85,134,10397.0
86,133,8830.8
87,132,8618.0
88,131,9394.0
89,130,11570.0
90,129,14470.0
91,128,18520.0
92,127,23210.0
85,135,14350.0
86,134,10613.4
87,133,11483.0
88,132,10273.0
89,131,13752.0
90,130,14669.0
91,129,20380.0
86,135,14472.0
87,134,13278.0
88,133,12964.0
89,132,14520.0
90,131,16938.0
91,130,20380.0
86,136,16373.6
87,135,16349.0
88,134,14321.0
89,133,16621.0
90,132,17203.0
87,136,18383.8
88,135,17234.7
89,134,17826.0
90,133,19386.0
91,132,22320.0
92,131,25840.0
87,137,21660.0
88,136,18827.2
89,135,20235.0
90,134,19996.0
91,133,23870.0
92,132,25714.0
87,138,23810.0
88,137,21994.0
89,136,21638.0
90,135,22310.0
91,134,24340.0
92,133,27377.0
93,132,31590.0
87,139,27370.0
88,138,23669.1
89,137,24310.0
90,136,23197.0
91,135,26033.0
92,134,27329.0
87,140,29650.0
88,139,27179.0
89,138,25850.9
90,137,25806.2
91,136,26832.0
92,135,29022.0
93,134,32560.0
88,140,28941.8
89,139,28896.0
90,138,26772.2
91,137,28924.0
92,136,29225.0
94,134,36090.0
87,142,35820.0
88,141,32563.0
89,140,30750.0
90,139,29586.5
91,138,29898.0
92,137,31211.0
93,136,33780.0
94,135,37400.0
88,142,34518.0
89,141,33810.0
90,140,30864.0
91,139,32175.0
92,138,31615.0
93,137,35240.0
94,136,36934.0
89,142,35920.0
90,141,33817.3
91,140,33425.7
92,139,33807.0
93,138,35630.0
94,137,38285.0
89,143,39150.0
90,142,35448.3
91,141,35948.0
92,140,34610.7
94,138,38366.0
90,143,38733.2
91,142,37490.1
92,141,36920.0
93,140,37950.0
94,139,40050.0
96,137,47290.0
90,144,40614.0
91,143,40341.0
92,142,38146.6
93,141,39956.0
94,140,40350.0
96,138,46724.0
90,145,44260.0
91,144,42330.0
92,143,40920.5
93,142,41044.7
94,141,42184.0
91,145,45350.0
92,144,42446.3
93,143,43380.0
94,142,42902.7
91,146,47640.0
92,145,45391.9
93,144,44873.3
94,143,45093.3
91,147,50770.0
92,146,47308.9
93,145,47456.3
94,144,46164.7
95,143,48420.0
96,142,49400.0
92,147,50573.9
93,146,49312.4
94,145,48589.9
95,144,49392.0
92,148,52715.0
93,147,52315.0
94,146,50127.0
95,145,51512.0
96,144,51725.4
93,148,54260.0
94,147,52956.8
95,146,52936.0
96,145,53703.4
93,149,57420.0
94,148,54718.4
95,147,55469.7
96,146,54805.2
98,144,59340.0
94,149,57756.0
95,148,57176.1
96,147,57183.6
97,146,58691.0
94,150,59806.0
95,149,59881.0
96,148,58453.7
97,147,60716.0
98,146,61479.2
94,151,63106.0
95,150,61900.0
96,149,61004.7
97,148,61815.4
98,147,63386.9
94,152,65395.0
95,151,64995.0
96,150,62618.4
97,149,63970.0
98,148,64091.7
100,146,70140.0
96,151,65534.0
97,150,65491.0
98,149,66137.0
96,152,67392.0
98,150,67240.0
100,148,71906.0
96,153,70750.0
97,152,69849.6
98,151,69725.6
96,154,72989.0
97,153,72951.0
98,152,71171.8
100,150,74074.0
96,155,76648.0
97,154,75228.0
98,153,74135.0
99,152,74512.0
100,151,75987.0
98,154,76034.0
99,153,77290.0
100,152,76817.0
102,150,82881.0
98,155,79301.0
99,154,79013.7
100,153,79350.0
98,156,81341.0
99,155,81992.0
100,154,80904.2
102,152,84724.0
99,156,84089.0
100,155,83799.0
101,154,84843.0
102,153,86854.0
100,156,85486.0
101,155,87620.0
102,154,87824.0
104,152,94236.0
100,157,88589.0
101,156,88996.2
102,155,90241.0
101,157,91688.0
106,154,106580.0
104,157,101315.0
108,156,119600.0
106,159,112820.0
